<soapenv:Envelope xmlns:soapenv="http://schemas.xmlsoap.org/soap/envelope/" xmlns:tem="http://tempuri.org/" xmlns:sita="http://schemas.datacontract.org/2004/07/Sita.Services.ARR" xmlns:xsi="http://www.w3.org/2001/XMLSchema-instance">
	<soapenv:Header>
		<hal:Config subscriberId="7I" xmlns:hal="http://sita.aero/hal"/>
	</soapenv:Header>
	<soapenv:Body>
		<tem:ARR_RetrieveAirAvailability>
			<tem:sessionID>4ef2a7c9-145f-4cbe-a3af-c20281a382c6</tem:sessionID>
			 <tem:ARR_RetrieveAirAvailabilityRQ>
            <sita:displayOptionsField xsi:nil="true"/>
            <sita:originDestinationInformationField>
               <sita:arrivalLocationField>
                  <sita:locationCodeField>AUA</sita:locationCodeField>
               </sita:arrivalLocationField>
               <sita:connectionLocationsField xsi:nil="true"/>
               <sita:departureDateField>2019-02-16</sita:departureDateField>
               <sita:departureLocationField>
                  <sita:locationCodeField>BON</sita:locationCodeField>
               </sita:departureLocationField>
               <sita:departureTimeField xsi:nil="true"/>
            </sita:originDestinationInformationField>
            <sita:specificFlightInfoField>
               <sita:airlineField>
                  <sita:codeField>7I</sita:codeField>
               </sita:airlineField>
            </sita:specificFlightInfoField>
         </tem:ARR_RetrieveAirAvailabilityRQ>
		</tem:ARR_RetrieveAirAvailability>
	</soapenv:Body>
</soapenv:Envelope>
