<?xml version="1.0" encoding="UTF-8" standalone="yes"?>
<ARR_ExecuteRepriceResponse xmlns="http://schemas.datacontract.org/2004/07/Sita.Services.HalService" xmlns:ns2="http://schemas.datacontract.org/2004/07/Sita.Services.ARR" xmlns:ns3="http://schemas.microsoft.com/2003/10/Serialization/Arrays">
    <ns2:errorsField xsi:nil="true" xmlns:xsi="http://www.w3.org/2001/XMLSchema-instance"/>
    <ns2:responseStatusField>0</ns2:responseStatusField>
    <ns2:ticketItemInfoField>
        <airlineAccountingCodeField xsi:nil="true" xmlns:xsi="http://www.w3.org/2001/XMLSchema-instance"/>
        <formAndSerialNumberField>4321014897</formAndSerialNumberField>
        <penaltyTotalField xsi:nil="true" xmlns:xsi="http://www.w3.org/2001/XMLSchema-instance"/>
        <settlementAuthCodeField xsi:nil="true" xmlns:xsi="http://www.w3.org/2001/XMLSchema-instance"/>
        <ticketTotalField>
            <amountField>19.25</amountField>
            <currencyCodeField>USD</currencyCodeField>
            <decimalPlacesField xsi:nil="true" xmlns:xsi="http://www.w3.org/2001/XMLSchema-instance"/>
        </ticketTotalField>
        <totalAmountCurrencyField>USD</totalAmountCurrencyField>
        <totalAmountField>19.25</totalAmountField>
        <transactionAmountField xsi:nil="true" xmlns:xsi="http://www.w3.org/2001/XMLSchema-instance"/>
        <transactionTotalField>
            <amountField>19.25</amountField>
            <currencyCodeField>USD</currencyCodeField>
            <decimalPlacesField xsi:nil="true" xmlns:xsi="http://www.w3.org/2001/XMLSchema-instance"/>
        </transactionTotalField>
        <typeField>eTicket</typeField>
    </ns2:ticketItemInfoField>
    <ns2:warningsField xsi:nil="true" xmlns:xsi="http://www.w3.org/2001/XMLSchema-instance"/>
</ARR_ExecuteRepriceResponse>