<?xml version="1.0" encoding="UTF-8"?>
<S:Envelope xmlns:S="http://schemas.xmlsoap.org/soap/envelope/">
	<S:Header>
		<ns7:Config xmlns="http://schemas.datacontract.org/2004/07/Sita.Services.RES.HalService" xmlns:ns2="http://schemas.microsoft.com/2003/10/Serialization/Arrays" xmlns:ns3="http://tempuri.org/" xmlns:ns4="http://schemas.datacontract.org/2004/07/Sita.Services.ARR" xmlns:ns5="http://schemas.datacontract.org/2004/07/Sita.Services.HalService" xmlns:ns6="http://schemas.datacontract.org/2004/07/Sita.Services.SWF" xmlns:ns7="http://sita.aero/hal" xmlns:ns8="http://schemas.microsoft.com/2003/10/Serialization/" subscriberId="7I"/>
	</S:Header>
	<S:Body>
		<ns3:ARR_RepriceItinerary xmlns="http://schemas.datacontract.org/2004/07/Sita.Services.RES.HalService" xmlns:ns2="http://schemas.microsoft.com/2003/10/Serialization/Arrays" xmlns:ns3="http://tempuri.org/" xmlns:ns4="http://schemas.datacontract.org/2004/07/Sita.Services.ARR" xmlns:ns5="http://schemas.datacontract.org/2004/07/Sita.Services.HalService" xmlns:ns6="http://schemas.datacontract.org/2004/07/Sita.Services.SWF" xmlns:ns7="http://sita.aero/hal" xmlns:ns8="http://schemas.microsoft.com/2003/10/Serialization/">
			<ns3:sessionID>ddb0658d-1afa-48e2-804b-8391d4bd33fe</ns3:sessionID>
			<ns3:ARR_RepriceItineraryRQ>
				<ns4:repriceOptionsField>
					<ns6:includeNegotiatedFaresField>false</ns6:includeNegotiatedFaresField>
					<ns6:includeNegotiatedFaresFieldSpecified>false</ns6:includeNegotiatedFaresFieldSpecified>
					<ns6:negotiatedFareCodeField xmlns:xsi="http://www.w3.org/2001/XMLSchema-instance" xsi:nil="true"/>
					<ns6:negotiatedFaresOnlyField>false</ns6:negotiatedFaresOnlyField>
					<ns6:negotiatedFaresOnlyFieldSpecified>true</ns6:negotiatedFaresOnlyFieldSpecified>
					<ns6:passengerTypeField xmlns:xsi="http://www.w3.org/2001/XMLSchema-instance" xsi:nil="true"/>
					<ns6:pricingSourceField>Both</ns6:pricingSourceField>
					<ns6:pricingSourceFieldSpecified>false</ns6:pricingSourceFieldSpecified>
					<ns6:waiverField xmlns:xsi="http://www.w3.org/2001/XMLSchema-instance" xsi:nil="true"/>
					<ns4:currencyConversionCodeField xmlns:xsi="http://www.w3.org/2001/XMLSchema-instance" xsi:nil="true"/>
					<ns4:ignoreTaxItemsField xmlns:xsi="http://www.w3.org/2001/XMLSchema-instance" xsi:nil="true"/>
					<ns4:overrideInterlineAgreementField>false</ns4:overrideInterlineAgreementField>
					<ns4:taxExemptItemsField xmlns:xsi="http://www.w3.org/2001/XMLSchema-instance" xsi:nil="true"/>
					<ns4:tourCodesField xmlns:xsi="http://www.w3.org/2001/XMLSchema-instance" xsi:nil="true"/>
				</ns4:repriceOptionsField>
				<ns4:ticketingInfoField>
					<ns6:airlineAccountingCodeField>958</ns6:airlineAccountingCodeField>
					<ns6:formAndSerialNumberField>4321010462</ns6:formAndSerialNumberField>
					<ns4:residingDatabaseField>7I</ns4:residingDatabaseField>
				</ns4:ticketingInfoField>
			</ns3:ARR_RepriceItineraryRQ>
		</ns3:ARR_RepriceItinerary>
	</S:Body>
</S:Envelope>
