<?xml version="1.0" encoding="UTF-8"?>
<S:Envelope xmlns:S="http://schemas.xmlsoap.org/soap/envelope/">
	<S:Header>
		<ns7:Config xmlns="http://schemas.datacontract.org/2004/07/Sita.Services.RES.HalService" xmlns:ns2="http://schemas.microsoft.com/2003/10/Serialization/Arrays" xmlns:ns3="http://tempuri.org/" xmlns:ns4="http://schemas.datacontract.org/2004/07/Sita.Services.ARR" xmlns:ns5="http://schemas.datacontract.org/2004/07/Sita.Services.HalService" xmlns:ns6="http://schemas.datacontract.org/2004/07/Sita.Services.SWF" xmlns:ns7="http://sita.aero/hal" xmlns:ns8="http://schemas.microsoft.com/2003/10/Serialization/" subscriberId="7I"/>
	</S:Header>
	<S:Body>
		<ns3:ARR_ExecuteReprice xmlns="http://schemas.datacontract.org/2004/07/Sita.Services.RES.HalService" xmlns:ns2="http://schemas.microsoft.com/2003/10/Serialization/Arrays" xmlns:ns3="http://tempuri.org/" xmlns:ns4="http://schemas.datacontract.org/2004/07/Sita.Services.ARR" xmlns:ns5="http://schemas.datacontract.org/2004/07/Sita.Services.HalService" xmlns:ns6="http://schemas.datacontract.org/2004/07/Sita.Services.SWF" xmlns:ns7="http://sita.aero/hal" xmlns:ns8="http://schemas.microsoft.com/2003/10/Serialization/">
			<ns3:sessionID>ddb0658d-1afa-48e2-804b-8391d4bd33fe</ns3:sessionID>
			<ns3:ARR_ExecuteRepriceRQ>
				<ns4:baggageInfoField>
					<ns4:newBaggageIndField>false</ns4:newBaggageIndField>
				</ns4:baggageInfoField>
				<ns4:commissionField xmlns:xsi="http://www.w3.org/2001/XMLSchema-instance" xsi:nil="true"/>
				<ns4:endorsementsField xmlns:xsi="http://www.w3.org/2001/XMLSchema-instance" xsi:nil="true"/>
				<ns4:passengerInfoField>
					<ns4:additionalPassengerInfoField xmlns:xsi="http://www.w3.org/2001/XMLSchema-instance" xsi:nil="true"/>
					<ns4:emailAddressField>d.test@testd.com</ns4:emailAddressField>
					<ns4:emailIndicatorField>true</ns4:emailIndicatorField>
					<ns4:sequenceNumberField>1</ns4:sequenceNumberField>
					<ns4:ticketingInfoField>
						<ns6:airlineAccountingCodeField>958</ns6:airlineAccountingCodeField>
						<ns6:formAndSerialNumberField>4321010462</ns6:formAndSerialNumberField>
						<ns4:salesReportInfoField xmlns:xsi="http://www.w3.org/2001/XMLSchema-instance" xsi:nil="true"/>
						<ns4:sponsorInfoField xmlns:xsi="http://www.w3.org/2001/XMLSchema-instance" xsi:nil="true"/>
						<ns4:tourCodeField xmlns:xsi="http://www.w3.org/2001/XMLSchema-instance" xsi:nil="true"/>
					</ns4:ticketingInfoField>
				</ns4:passengerInfoField>
				<ns4:paymentDetailsField>
					<ns5:PaymentDetailType>
						<ns5:miscChargeOrderField xmlns:xsi="http://www.w3.org/2001/XMLSchema-instance" xsi:nil="true"/>
						<ns5:paymentAmountField>
							<ns5:amountField>0.00</ns5:amountField>
							<ns5:approvalCodeField xmlns:xsi="http://www.w3.org/2001/XMLSchema-instance" xsi:nil="true"/>
							<ns5:currencyCodeField>USD</ns5:currencyCodeField>
							<ns5:decimalPlacesField>2</ns5:decimalPlacesField>
						</ns5:paymentAmountField>
						<ns5:paymentCardField xmlns:xsi="http://www.w3.org/2001/XMLSchema-instance" xsi:nil="true"/>
						<ns5:paymentReferenceDataField xmlns:xsi="http://www.w3.org/2001/XMLSchema-instance" xsi:nil="true"/>
						<ns5:paymentTypeField>CA</ns5:paymentTypeField>
						<ns5:primaryPaymentIndField xmlns:xsi="http://www.w3.org/2001/XMLSchema-instance" xsi:nil="true"/>
						<ns5:splitPaymentIndField xmlns:xsi="http://www.w3.org/2001/XMLSchema-instance" xsi:nil="true"/>
						<ns5:documentField xmlns:xsi="http://www.w3.org/2001/XMLSchema-instance" xsi:nil="true"/>
						<ns5:passengerRPHListField xmlns:xsi="http://www.w3.org/2001/XMLSchema-instance" xsi:nil="true"/>
					</ns5:PaymentDetailType>
				</ns4:paymentDetailsField>
				<ns4:penaltyField xmlns:xsi="http://www.w3.org/2001/XMLSchema-instance" xsi:nil="true"/>
			</ns3:ARR_ExecuteRepriceRQ>
		</ns3:ARR_ExecuteReprice>
	</S:Body>
</S:Envelope>
