<?xml version="1.0" encoding="UTF-8" standalone="no"?>
<OTA_AirBookRS xmlns="http://sita.aero/SITA_AirBookRS/3/0" xmlns:common="http://sita.aero/common/1/0" Version="0">
  <Success/>
  <AirReservation BookingReferenceID="P166B">
    <common:AirItinerary>
      <common:OriginDestinationOptions>
        <common:OriginDestinationOption>
          <common:FlightSegment ArrivalDateTime="2018-11-14T19:00:00" DepartureDateTime="2018-11-14T01:00:00" FlightNumber="111" RPH="1" Status="HK">
            <common:DepartureAirport LocationCode="AUA"/>
            <common:ArrivalAirport LocationCode="BON"/>
            <common:OperatingAirline Code="7I"/>
            <common:BookingClassAvails>
              <common:BookingClassAvail ResBookDesigCode="Y" ResBookDesigQuantity="1"/>
            </common:BookingClassAvails>
            <common:Comment>*ELECTRONIC TKTG AVAILABLE ON THIS FLIGHT*</common:Comment>
          </common:FlightSegment>
        </common:OriginDestinationOption>
        <common:OriginDestinationOption>
          <common:FlightSegment ArrivalDateTime="2018-11-17T17:35:00" DepartureDateTime="2018-11-17T17:10:00" FlightNumber="306" RPH="2" Status="HK">
            <common:DepartureAirport LocationCode="BON"/>
            <common:ArrivalAirport LocationCode="CUR"/>
            <common:OperatingAirline Code="7I"/>
            <common:BookingClassAvails>
              <common:BookingClassAvail ResBookDesigCode="Y" ResBookDesigQuantity="1"/>
            </common:BookingClassAvails>
            <common:Comment>*ELECTRONIC TKTG AVAILABLE ON THIS FLIGHT*</common:Comment>
          </common:FlightSegment>
        </common:OriginDestinationOption>
        <common:OriginDestinationOption>
          <common:FlightSegment ArrivalDateTime="2018-11-17T23:05:00" DepartureDateTime="2018-11-17T22:30:00" FlightNumber="407" RPH="3" Status="HK">
            <common:DepartureAirport LocationCode="CUR"/>
            <common:ArrivalAirport LocationCode="AUA"/>
            <common:OperatingAirline Code="7I"/>
            <common:BookingClassAvails>
              <common:BookingClassAvail ResBookDesigCode="Y" ResBookDesigQuantity="1"/>
            </common:BookingClassAvails>
            <common:Comment>*ELECTRONIC TKTG AVAILABLE ON THIS FLIGHT*</common:Comment>
          </common:FlightSegment>
        </common:OriginDestinationOption>
      </common:OriginDestinationOptions>
    </common:AirItinerary>
    <common:TravelerInfo>
      <common:AirTraveler PassengerTypeCode="ADT">
        <common:PersonName>
          <common:NamePrefix>MR</common:NamePrefix>
          <common:GivenName>JOHN</common:GivenName>
          <common:Surname>MALKOV</common:Surname>
        </common:PersonName>
        <common:Telephone FormattedInd="false" PhoneNumber="+302322323232323" PhoneTechType="5"/>
        <common:Email>V.KASIMATIS@JRTECHNOLOGIES.COM</common:Email>
        <common:TravelerRefNumber RPH="1"/>
      </common:AirTraveler>
      <common:SpecialReqDetails>
        <common:SpecialServiceRequests>
          <common:SpecialServiceRequest FlightRefNumberRPHList="1" SSRCode="TKNE" ServiceQuantity="1" Status="HK" TravelerRefNumberRPHList="1">
            <common:Airline Code="7I"/>
            <common:Text>.9584321010995C1</common:Text>
          </common:SpecialServiceRequest>
          <common:SpecialServiceRequest FlightRefNumberRPHList="2" SSRCode="TKNE" ServiceQuantity="1" Status="HK" TravelerRefNumberRPHList="1">
            <common:Airline Code="7I"/>
            <common:Text>.9584321010995C2</common:Text>
          </common:SpecialServiceRequest>
          <common:SpecialServiceRequest FlightRefNumberRPHList="3" SSRCode="TKNE" ServiceQuantity="1" Status="HK" TravelerRefNumberRPHList="1">
            <common:Airline Code="7I"/>
            <common:Text>.9584321010995C3</common:Text>
          </common:SpecialServiceRequest>
        </common:SpecialServiceRequests>
      </common:SpecialReqDetails>
    </common:TravelerInfo>
    <common:Ticketing TicketType="eTicket" TicketingStatus="3" TravelerRefNumber="1">
      <common:TicketAdvisory>*T</common:TicketAdvisory>
    </common:Ticketing>
  </AirReservation>
</OTA_AirBookRS>
