<?xml version="1.0" encoding="UTF-8" standalone="no"?>
<SITA_AirDemandTicketRS xmlns="http://sita.aero/SITA_AirDemandTicketRS/3/0" xmlns:common="http://sita.aero/common/1/0" xmlns:xsi="http://www.w3.org/2001/XMLSchema-instance" Version="0">
  <Success/>
  <BookingReferenceId ID="P162Z" Type="14"/>
  <TicketItemInfo TicketNumber="4321010973" TotalAmount="215.00" Type="eTicket">
    <PassengerName>
      <common:GivenName>NIC</common:GivenName>
      <common:Surname>BERDAN</common:Surname>
    </PassengerName>
  </TicketItemInfo>
</SITA_AirDemandTicketRS>
