<?xml version="1.0" encoding="UTF-8"?>
<S:Envelope xmlns:S="http://schemas.xmlsoap.org/soap/envelope/">
	<S:Header>
		<ns7:Config xmlns="http://schemas.datacontract.org/2004/07/Sita.Services.RES.HalService" xmlns:ns2="http://schemas.microsoft.com/2003/10/Serialization/Arrays" xmlns:ns3="http://schemas.datacontract.org/2004/07/Sita.Services.HalService" xmlns:ns4="http://schemas.datacontract.org/2004/07/Sita.Services.ARR" xmlns:ns5="http://tempuri.org/" xmlns:ns6="http://schemas.datacontract.org/2004/07/Sita.Services.SWF" xmlns:ns7="http://sita.aero/hal" xmlns:ns8="http://schemas.microsoft.com/2003/10/Serialization/" subscriberId="7I"/>
	</S:Header>
	<S:Body>
		<ns5:ARR_SignOut xmlns="http://schemas.datacontract.org/2004/07/Sita.Services.RES.HalService" xmlns:ns2="http://schemas.microsoft.com/2003/10/Serialization/Arrays" xmlns:ns3="http://schemas.datacontract.org/2004/07/Sita.Services.HalService" xmlns:ns4="http://schemas.datacontract.org/2004/07/Sita.Services.ARR" xmlns:ns5="http://tempuri.org/" xmlns:ns6="http://schemas.datacontract.org/2004/07/Sita.Services.SWF" xmlns:ns7="http://sita.aero/hal" xmlns:ns8="http://schemas.microsoft.com/2003/10/Serialization/">
			<ns5:sessionID>762d18f4-d39a-484f-8666-86f116f5a5ac</ns5:sessionID>
			<ns5:ARR_SignOutRQ>
				<ns4:textField>
					<ns2:string>0</ns2:string>
				</ns4:textField>
			</ns5:ARR_SignOutRQ>
		</ns5:ARR_SignOut>
	</S:Body>
</S:Envelope>
