<?xml version="1.0" encoding="UTF-8" standalone="yes"?>
<SOAP-ENV:Envelope xmlns:SOAP-ENV="http://schemas.xmlsoap.org/soap/envelope/">
	<Header xmlns="http://schemas.xmlsoap.org/soap/envelope/">
		<Conversation xmlns="http://sita.aero/hal" id="conv-13q-1536829759977-207" server="10.217.26.214" timestamp="2018-09-13 09:09:19"/>
	</Header>
	<SOAP-ENV:Body>
		<ARR_SignInResponse xmlns="http://tempuri.org/" xmlns:s="http://schemas.xmlsoap.org/soap/envelope/">
			<ReturnData xmlns:a="http://schemas.datacontract.org/2004/07/Sita.Services.ARR" xmlns:i="http://www.w3.org/2001/XMLSchema-instance">
				<a:errorsField xmlns:b="http://schemas.datacontract.org/2004/07/Sita.Services.HalService" i:nil="true"/>
				<a:responseStatusField>0</a:responseStatusField>
				<a:warningsField xmlns:b="http://schemas.datacontract.org/2004/07/Sita.Services.HalService" i:nil="true"/>
			</ReturnData>
			<sessionID>762d18f4-d39a-484f-8666-86f116f5a5ac</sessionID>
		</ARR_SignInResponse>
	</SOAP-ENV:Body>
</SOAP-ENV:Envelope>
