<?xml version="1.0" encoding="UTF-8"?>
<S:Envelope xmlns:S="http://schemas.xmlsoap.org/soap/envelope/">
	<S:Header>
		<ns7:Config xmlns="http://schemas.datacontract.org/2004/07/Sita.Services.RES.HalService" xmlns:ns2="http://schemas.microsoft.com/2003/10/Serialization/Arrays" xmlns:ns3="http://schemas.datacontract.org/2004/07/Sita.Services.HalService" xmlns:ns4="http://schemas.datacontract.org/2004/07/Sita.Services.ARR" xmlns:ns5="http://tempuri.org/" xmlns:ns6="http://schemas.datacontract.org/2004/07/Sita.Services.SWF" xmlns:ns7="http://sita.aero/hal" xmlns:ns8="http://schemas.microsoft.com/2003/10/Serialization/" subscriberId="7I"/>
	</S:Header>
	<S:Body>
		<ns5:ARR_ExecuteReprice xmlns="http://schemas.datacontract.org/2004/07/Sita.Services.RES.HalService" xmlns:ns2="http://schemas.microsoft.com/2003/10/Serialization/Arrays" xmlns:ns3="http://schemas.datacontract.org/2004/07/Sita.Services.HalService" xmlns:ns4="http://schemas.datacontract.org/2004/07/Sita.Services.ARR" xmlns:ns5="http://tempuri.org/" xmlns:ns6="http://schemas.datacontract.org/2004/07/Sita.Services.SWF" xmlns:ns7="http://sita.aero/hal" xmlns:ns8="http://schemas.microsoft.com/2003/10/Serialization/">
			<ns5:sessionID>762d18f4-d39a-484f-8666-86f116f5a5ac</ns5:sessionID>
			<ns5:ARR_ExecuteRepriceRQ>
				<ns4:baggageInfoField xmlns:xsi="http://www.w3.org/2001/XMLSchema-instance" xsi:nil="true"/>
				<ns4:commissionField xmlns:xsi="http://www.w3.org/2001/XMLSchema-instance" xsi:nil="true"/>
				<ns4:endorsementsField xmlns:xsi="http://www.w3.org/2001/XMLSchema-instance" xsi:nil="true"/>
				<ns4:passengerInfoField>
					<ns4:additionalPassengerInfoField xmlns:xsi="http://www.w3.org/2001/XMLSchema-instance" xsi:nil="true"/>
					<ns4:emailAddressField xmlns:xsi="http://www.w3.org/2001/XMLSchema-instance" xsi:nil="true"/>
					<ns4:emailIndicatorField xmlns:xsi="http://www.w3.org/2001/XMLSchema-instance" xsi:nil="true"/>
					<ns4:sequenceNumberField>1</ns4:sequenceNumberField>
					<ns4:ticketingInfoField>
						<ns6:airlineAccountingCodeField>958</ns6:airlineAccountingCodeField>
						<ns6:formAndSerialNumberField>4321010139</ns6:formAndSerialNumberField>
						<ns4:salesReportInfoField xmlns:xsi="http://www.w3.org/2001/XMLSchema-instance" xsi:nil="true"/>
						<ns4:sponsorInfoField xmlns:xsi="http://www.w3.org/2001/XMLSchema-instance" xsi:nil="true"/>
						<ns4:tourCodeField xmlns:xsi="http://www.w3.org/2001/XMLSchema-instance" xsi:nil="true"/>
					</ns4:ticketingInfoField>
				</ns4:passengerInfoField>
				<ns4:paymentDetailsField>
					<ns3:PaymentDetailType>
						<ns3:miscChargeOrderField xmlns:xsi="http://www.w3.org/2001/XMLSchema-instance" xsi:nil="true"/>
						<ns3:paymentAmountField>
							<ns3:amountField>147.00</ns3:amountField>
							<ns3:approvalCodeField xmlns:xsi="http://www.w3.org/2001/XMLSchema-instance" xsi:nil="true"/>
							<ns3:currencyCodeField>USD</ns3:currencyCodeField>
							<ns3:decimalPlacesField xmlns:xsi="http://www.w3.org/2001/XMLSchema-instance" xsi:nil="true"/>
						</ns3:paymentAmountField>
						<ns3:paymentCardField>
							<ns3:addressField xmlns:xsi="http://www.w3.org/2001/XMLSchema-instance" xsi:nil="true"/>
							<ns3:cardCodeField>VI</ns3:cardCodeField>
							<ns3:cardHolderNameField xmlns:xsi="http://www.w3.org/2001/XMLSchema-instance" xsi:nil="true"/>
							<ns3:cardNumberField>4111111111111111</ns3:cardNumberField>
							<ns3:effectiveDateField xmlns:xsi="http://www.w3.org/2001/XMLSchema-instance" xsi:nil="true"/>
							<ns3:expireDateField>1220</ns3:expireDateField>
							<ns3:seriesCodeField>123</ns3:seriesCodeField>
							<ns3:cardPresentIndField xmlns:xsi="http://www.w3.org/2001/XMLSchema-instance" xsi:nil="true"/>
							<ns3:cardTypeField>CC</ns3:cardTypeField>
							<ns3:countryOfIssueField xmlns:xsi="http://www.w3.org/2001/XMLSchema-instance" xsi:nil="true"/>
							<ns3:extendPaymentIndicatorField xmlns:xsi="http://www.w3.org/2001/XMLSchema-instance" xsi:nil="true"/>
							<ns3:extendedPaymentQuantityField xmlns:xsi="http://www.w3.org/2001/XMLSchema-instance" xsi:nil="true"/>
							<ns3:maskedCardNumberField xmlns:xsi="http://www.w3.org/2001/XMLSchema-instance" xsi:nil="true"/>
							<ns3:remarkField xmlns:xsi="http://www.w3.org/2001/XMLSchema-instance" xsi:nil="true"/>
						</ns3:paymentCardField>
						<ns3:paymentReferenceDataField xmlns:xsi="http://www.w3.org/2001/XMLSchema-instance" xsi:nil="true"/>
						<ns3:paymentTypeField xmlns:xsi="http://www.w3.org/2001/XMLSchema-instance" xsi:nil="true"/>
						<ns3:primaryPaymentIndField xmlns:xsi="http://www.w3.org/2001/XMLSchema-instance" xsi:nil="true"/>
						<ns3:splitPaymentIndField xmlns:xsi="http://www.w3.org/2001/XMLSchema-instance" xsi:nil="true"/>
						<ns3:documentField xmlns:xsi="http://www.w3.org/2001/XMLSchema-instance" xsi:nil="true"/>
						<ns3:passengerRPHListField>1</ns3:passengerRPHListField>
					</ns3:PaymentDetailType>
				</ns4:paymentDetailsField>
				<ns4:penaltyField xmlns:xsi="http://www.w3.org/2001/XMLSchema-instance" xsi:nil="true"/>
			</ns5:ARR_ExecuteRepriceRQ>
		</ns5:ARR_ExecuteReprice>
	</S:Body>
</S:Envelope>
