<soapenv:Envelope xmlns:sita="http://schemas.datacontract.org/2004/07/Sita.Services.ARR" xmlns:sita1="http://schemas.datacontract.org/2004/07/Sita.Services.SWF" xmlns:soapenv="http://schemas.xmlsoap.org/soap/envelope/" xmlns:tem="http://tempuri.org/">
	<soapenv:Header>
		<hal:Config subscriberId="7I" xmlns:hal="http://sita.aero/hal"/>
	</soapenv:Header>
	<soapenv:Body wsu:Id="id-375308FD1FC72D539E14930376266424" xmlns:wsu="http://docs.oasis-open.org/wss/2004/01/oasis-200401-wss-wssecurity-utility-1.0.xsd">
		<tem:ARR_SignIn>
			<tem:ARR_SignInRQ>
				<sita:aRR_ServiceConfigField>
					<sita:applicationIdField>Aodh-Test2</sita:applicationIdField>
					<sita:pOSField>
						<sita1:sourceField>
							<sita1:SWF_SourceType>
								<sita1:agentDutyCodeField>41</sita1:agentDutyCodeField>
								<sita1:agentSineField>906/1234A</sita1:agentSineField>
								<sita1:airlineVendorIDField>7I</sita1:airlineVendorIDField>
								<sita1:airportCodeField>MIA</sita1:airportCodeField>
								<sita1:applicationTypeField xsi:nil="true" xmlns:xsi="http://www.w3.org/2001/XMLSchema-instance"/>
								<sita1:bagTagPectabField xsi:nil="true" xmlns:xsi="http://www.w3.org/2001/XMLSchema-instance"/>
								<sita1:checkinZoneField xsi:nil="true" xmlns:xsi="http://www.w3.org/2001/XMLSchema-instance"/>
								<sita1:eRSP_UserIDField>NDC/9NDC7I</sita1:eRSP_UserIDField>
								<sita1:iSOCountryField>AN</sita1:iSOCountryField>
								<sita1:printBoardingPassPectabField xsi:nil="true" xmlns:xsi="http://www.w3.org/2001/XMLSchema-instance"/>
								<sita1:pseudoCityCodeField>MIA001</sita1:pseudoCityCodeField>
								<sita1:requestorIDField>
									<sita1:iD_ContextField>Airfare</sita1:iD_ContextField>
									<sita1:idField>f0uZ2-Jp55B-70YgW-OmEa6</sita1:idField>
									<sita1:typeField>7</sita1:typeField>
								</sita1:requestorIDField>
							</sita1:SWF_SourceType>
						</sita1:sourceField>
						<sita1:targetField>QAB</sita1:targetField>
					</sita:pOSField>
					<sita:useRegressionDataField>false</sita:useRegressionDataField>
					<sita:useRegressionDataFieldSpecified>false</sita:useRegressionDataFieldSpecified>
				</sita:aRR_ServiceConfigField>
			</tem:ARR_SignInRQ>
		</tem:ARR_SignIn>
	</soapenv:Body>
</soapenv:Envelope>
