<OTA_AirBookRQ xmlns="http://sita.aero/SITA_AirBookRQ/3/0" xmlns:xsi="http://www.w3.org/2001/XMLSchema-instance" EchoToken="175835" TimeStamp="2018-09-24T13:41:34.999Z" Version="2.001">
	<POS>
		<Source AgentDutyCode="41" AgentSine="906/1234A" AirlineVendorID="7I" AirportCode="MIA" ERSP_UserID="NDC/9NDC7I" ISOCountry="US" ISOCurrency="USD" PseudoCityCode="WWW001">
			<RequestorID ID="f0uZ2-Jp55B-70YgW-OmEa6" ID_Context="Airfare" Type="7"/>
		</Source>
	</POS>
	<AirItinerary>
		<OriginDestinationOptions>
			<OriginDestinationOption>
				<FlightSegment ArrivalDateTime="2018-10-29T17:35:00" DepartureDateTime="2018-10-29T17:10:00" FlightNumber="306" RPH="1">
					<DepartureAirport LocationCode="BON"/>
					<ArrivalAirport LocationCode="CUR"/>
					<OperatingAirline Code="7I" FlightNumber="306"/>
					<Equipment AirEquipType="F50"/>
					<MarketingAirline Code="7I"/>
					<BookingClassAvails>
						<BookingClassAvail RPH="1" ResBookDesigCode="Y" ResBookDesigQuantity="2"/>
					</BookingClassAvails>
				</FlightSegment>
			</OriginDestinationOption>
		</OriginDestinationOptions>
	</AirItinerary>
	<TravelerInfo>
		<AirTraveler PassengerTypeCode="ADT">
			<PersonName>
				<NamePrefix>Mr</NamePrefix>
				<GivenName>Elton</GivenName>
				<Surname>John</Surname>
			</PersonName>
			<Telephone PhoneLocationType="7" PhoneNumber="+3034343434344" PhoneTechType="5"/>
			<Email>elton@jrtlogies.com</Email>
			<TravelerRefNumber RPH="1"/>
		</AirTraveler>
		<AirTraveler PassengerTypeCode="ADT">
			<PersonName>
				<NamePrefix>Mr</NamePrefix>
				<GivenName>Nina</GivenName>
				<Surname>John</Surname>
			</PersonName>
			<Telephone PhoneLocationType="7" PhoneNumber="undefined" PhoneTechType="5"/>
			<TravelerRefNumber RPH="2"/>
		</AirTraveler>
		<SpecialReqDetails>
			<SpecialServiceRequests/>
		</SpecialReqDetails>
	</TravelerInfo>
	<Ticketing TicketType="eTicket"/>
</OTA_AirBookRQ>