<?xml version="1.0" encoding="UTF-8"?>
<SOAP-ENV:Envelope xmlns:SOAP-ENV="http://schemas.xmlsoap.org/soap/envelope/">
	<Header xmlns="http://schemas.xmlsoap.org/soap/envelope/">
		<Conversation xmlns="http://sita.aero/hal" xmlns:SOAP-ENV="http://schemas.xmlsoap.org/soap/envelope/" id="conv-13q-1537186035742-229" server="10.217.26.214" timestamp="2018-09-17 12:07:15"/>
	</Header>
	<SOAP-ENV:Body>
		<ARR_ExecuteRepriceResponse xmlns="http://tempuri.org/" xmlns:s="http://schemas.xmlsoap.org/soap/envelope/">
			<ReturnData xmlns:a="http://schemas.datacontract.org/2004/07/Sita.Services.ARR" xmlns:i="http://www.w3.org/2001/XMLSchema-instance">
				<a:errorsField xmlns:b="http://schemas.datacontract.org/2004/07/Sita.Services.HalService">
					<b:ErrorType>
						<b:codeField>5030</b:codeField>
						<b:sourceField i:nil="true"/>
						<b:typeField>1</b:typeField>
						<b:valueField>Session has expired</b:valueField>
					</b:ErrorType>
				</a:errorsField>
				<a:responseStatusField>2</a:responseStatusField>
				<a:ticketItemInfoField xmlns:b="http://schemas.datacontract.org/2004/07/Sita.Services.HalService" i:nil="true"/>
				<a:warningsField xmlns:b="http://schemas.datacontract.org/2004/07/Sita.Services.HalService" i:nil="true"/>
			</ReturnData>
		</ARR_ExecuteRepriceResponse>
	</SOAP-ENV:Body>
</SOAP-ENV:Envelope>
