<?xml version="1.0" encoding="UTF-8"?>
<S:Envelope xmlns:S="http://schemas.xmlsoap.org/soap/envelope/">
	<S:Header>
		<ns7:Config xmlns="http://schemas.datacontract.org/2004/07/Sita.Services.RES.HalService" xmlns:ns2="http://schemas.microsoft.com/2003/10/Serialization/Arrays" xmlns:ns3="http://tempuri.org/" xmlns:ns4="http://schemas.datacontract.org/2004/07/Sita.Services.ARR" xmlns:ns5="http://schemas.datacontract.org/2004/07/Sita.Services.HalService" xmlns:ns6="http://schemas.datacontract.org/2004/07/Sita.Services.SWF" xmlns:ns7="http://sita.aero/hal" xmlns:ns8="http://schemas.microsoft.com/2003/10/Serialization/" subscriberId="7I"/>
	</S:Header>
	<S:Body>
		<ns3:ARR_ExecuteReprice xmlns="http://schemas.datacontract.org/2004/07/Sita.Services.RES.HalService" xmlns:ns2="http://schemas.microsoft.com/2003/10/Serialization/Arrays" xmlns:ns3="http://tempuri.org/" xmlns:ns4="http://schemas.datacontract.org/2004/07/Sita.Services.ARR" xmlns:ns5="http://schemas.datacontract.org/2004/07/Sita.Services.HalService" xmlns:ns6="http://schemas.datacontract.org/2004/07/Sita.Services.SWF" xmlns:ns7="http://sita.aero/hal" xmlns:ns8="http://schemas.microsoft.com/2003/10/Serialization/">
			<ns3:sessionID>a852a624-9283-4602-ae49-2c6935ae68bc</ns3:sessionID>
			<ns3:ARR_ExecuteRepriceRQ>
				<ns4:baggageInfoField xmlns:xsi="http://www.w3.org/2001/XMLSchema-instance" xsi:nil="true"/>
				<ns4:commissionField xmlns:xsi="http://www.w3.org/2001/XMLSchema-instance" xsi:nil="true"/>
				<ns4:endorsementsField xmlns:xsi="http://www.w3.org/2001/XMLSchema-instance" xsi:nil="true"/>
				<ns4:passengerInfoField>
					<ns4:additionalPassengerInfoField xmlns:xsi="http://www.w3.org/2001/XMLSchema-instance" xsi:nil="true"/>
					<ns4:emailAddressField xmlns:xsi="http://www.w3.org/2001/XMLSchema-instance" xsi:nil="true"/>
					<ns4:emailIndicatorField xmlns:xsi="http://www.w3.org/2001/XMLSchema-instance" xsi:nil="true"/>
					<ns4:sequenceNumberField>1</ns4:sequenceNumberField>
					<ns4:ticketingInfoField>
						<ns6:airlineAccountingCodeField>958</ns6:airlineAccountingCodeField>
						<ns6:formAndSerialNumberField>4321010433</ns6:formAndSerialNumberField>
						<ns4:salesReportInfoField xmlns:xsi="http://www.w3.org/2001/XMLSchema-instance" xsi:nil="true"/>
						<ns4:sponsorInfoField xmlns:xsi="http://www.w3.org/2001/XMLSchema-instance" xsi:nil="true"/>
						<ns4:tourCodeField xmlns:xsi="http://www.w3.org/2001/XMLSchema-instance" xsi:nil="true"/>
					</ns4:ticketingInfoField>
				</ns4:passengerInfoField>
				<ns4:paymentDetailsField>
					<ns5:PaymentDetailType>
						<ns5:miscChargeOrderField xmlns:xsi="http://www.w3.org/2001/XMLSchema-instance" xsi:nil="true"/>
						<ns5:paymentAmountField>
							<ns5:amountField>147.00</ns5:amountField>
							<ns5:approvalCodeField xmlns:xsi="http://www.w3.org/2001/XMLSchema-instance" xsi:nil="true"/>
							<ns5:currencyCodeField>USD</ns5:currencyCodeField>
							<ns5:decimalPlacesField xmlns:xsi="http://www.w3.org/2001/XMLSchema-instance" xsi:nil="true"/>
						</ns5:paymentAmountField>
						<ns5:paymentCardField>
							<ns5:addressField xmlns:xsi="http://www.w3.org/2001/XMLSchema-instance" xsi:nil="true"/>
							<ns5:cardCodeField>VI</ns5:cardCodeField>
							<ns5:cardHolderNameField xmlns:xsi="http://www.w3.org/2001/XMLSchema-instance" xsi:nil="true"/>
							<ns5:cardNumberField>4111111111111111</ns5:cardNumberField>
							<ns5:effectiveDateField xmlns:xsi="http://www.w3.org/2001/XMLSchema-instance" xsi:nil="true"/>
							<ns5:expireDateField>1220</ns5:expireDateField>
							<ns5:seriesCodeField>123</ns5:seriesCodeField>
							<ns5:cardPresentIndField xmlns:xsi="http://www.w3.org/2001/XMLSchema-instance" xsi:nil="true"/>
							<ns5:cardTypeField>Visa</ns5:cardTypeField>
							<ns5:countryOfIssueField xmlns:xsi="http://www.w3.org/2001/XMLSchema-instance" xsi:nil="true"/>
							<ns5:extendPaymentIndicatorField xmlns:xsi="http://www.w3.org/2001/XMLSchema-instance" xsi:nil="true"/>
							<ns5:extendedPaymentQuantityField xmlns:xsi="http://www.w3.org/2001/XMLSchema-instance" xsi:nil="true"/>
							<ns5:maskedCardNumberField xmlns:xsi="http://www.w3.org/2001/XMLSchema-instance" xsi:nil="true"/>
							<ns5:remarkField xmlns:xsi="http://www.w3.org/2001/XMLSchema-instance" xsi:nil="true"/>
						</ns5:paymentCardField>
						<ns5:paymentReferenceDataField xmlns:xsi="http://www.w3.org/2001/XMLSchema-instance" xsi:nil="true"/>
						<ns5:paymentTypeField>CC</ns5:paymentTypeField>
						<ns5:primaryPaymentIndField xmlns:xsi="http://www.w3.org/2001/XMLSchema-instance" xsi:nil="true"/>
						<ns5:splitPaymentIndField xmlns:xsi="http://www.w3.org/2001/XMLSchema-instance" xsi:nil="true"/>
						<ns5:documentField xmlns:xsi="http://www.w3.org/2001/XMLSchema-instance" xsi:nil="true"/>
						<ns5:passengerRPHListField xmlns:xsi="http://www.w3.org/2001/XMLSchema-instance" xsi:nil="true"/>
					</ns5:PaymentDetailType>
				</ns4:paymentDetailsField>
				<ns4:penaltyField xmlns:xsi="http://www.w3.org/2001/XMLSchema-instance" xsi:nil="true"/>
			</ns3:ARR_ExecuteRepriceRQ>
		</ns3:ARR_ExecuteReprice>
	</S:Body>
</S:Envelope>
