<?xml version="1.0" encoding="UTF-8" standalone="no"?>
<OTA_AirBookRS xmlns="http://sita.aero/SITA_AirBookRS/3/0" xmlns:common="http://sita.aero/common/1/0" Version="0">
  <Success/>
  <AirReservation BookingReferenceID="P161H">
    <common:AirItinerary>
      <common:OriginDestinationOptions>
        <common:OriginDestinationOption>
          <common:FlightSegment ArrivalDateTime="2019-02-18T13:00:00" DepartureDateTime="2019-02-18T12:25:00" FlightNumber="403" RPH="1" Status="HK">
            <common:DepartureAirport LocationCode="CUR"/>
            <common:ArrivalAirport LocationCode="AUA"/>
            <common:OperatingAirline Code="7I"/>
            <common:BookingClassAvails>
              <common:BookingClassAvail ResBookDesigCode="Y" ResBookDesigQuantity="1"/>
            </common:BookingClassAvails>
            <common:Comment>*ELECTRONIC TKTG AVAILABLE ON THIS FLIGHT*</common:Comment>
          </common:FlightSegment>
        </common:OriginDestinationOption>
        <common:OriginDestinationOption>
          <common:FlightSegment ArrivalDateTime="2019-02-20T14:10:00" DepartureDateTime="2019-02-20T13:35:00" FlightNumber="902" RPH="2" Status="HK">
            <common:DepartureAirport LocationCode="AUA"/>
            <common:ArrivalAirport LocationCode="CUR"/>
            <common:OperatingAirline Code="7I"/>
            <common:BookingClassAvails>
              <common:BookingClassAvail ResBookDesigCode="Y" ResBookDesigQuantity="1"/>
            </common:BookingClassAvails>
            <common:Comment>*ELECTRONIC TKTG AVAILABLE ON THIS FLIGHT*</common:Comment>
          </common:FlightSegment>
        </common:OriginDestinationOption>
      </common:OriginDestinationOptions>
    </common:AirItinerary>
    <common:TravelerInfo>
      <common:AirTraveler PassengerTypeCode="ADT">
        <common:PersonName>
          <common:NamePrefix>MR</common:NamePrefix>
          <common:GivenName>MANOLIS</common:GivenName>
          <common:Surname>MANDALAKIS</common:Surname>
        </common:PersonName>
        <common:Telephone FormattedInd="false" PhoneNumber="+3022223232323" PhoneTechType="5"/>
        <common:Email>ABLAABLA@JRTECCC.COM</common:Email>
        <common:TravelerRefNumber RPH="1"/>
      </common:AirTraveler>
      <common:SpecialReqDetails>
        <common:SpecialServiceRequests>
          <common:SpecialServiceRequest FlightRefNumberRPHList="1" SSRCode="INFT" ServiceQuantity="1" Status="HK" TravelerRefNumberRPHList="1">
            <common:Airline Code="7I"/>
            <common:Text>.LANTON/JOHAN 14FEB18/INF1</common:Text>
          </common:SpecialServiceRequest>
          <common:SpecialServiceRequest FlightRefNumberRPHList="2" SSRCode="INFT" ServiceQuantity="1" Status="HK" TravelerRefNumberRPHList="1">
            <common:Airline Code="7I"/>
            <common:Text>.LANTON/JOHAN 14FEB18/INF1</common:Text>
          </common:SpecialServiceRequest>
          <common:SpecialServiceRequest FlightRefNumberRPHList="1" SSRCode="TKNE" ServiceQuantity="1" Status="HK" TravelerRefNumberRPHList="1">
            <common:Airline Code="7I"/>
            <common:Text>.9584321010941C1</common:Text>
          </common:SpecialServiceRequest>
          <common:SpecialServiceRequest FlightRefNumberRPHList="2" SSRCode="TKNE" ServiceQuantity="1" Status="HK" TravelerRefNumberRPHList="1">
            <common:Airline Code="7I"/>
            <common:Text>.9584321010941C2</common:Text>
          </common:SpecialServiceRequest>
          <common:SpecialServiceRequest FlightRefNumberRPHList="1" SSRCode="TKNE" ServiceQuantity="1" Status="HK" TravelerRefNumberRPHList="1">
            <common:Airline Code="7I"/>
            <common:Text>.INF9584321010942C1</common:Text>
          </common:SpecialServiceRequest>
          <common:SpecialServiceRequest FlightRefNumberRPHList="2" SSRCode="TKNE" ServiceQuantity="1" Status="HK" TravelerRefNumberRPHList="1">
            <common:Airline Code="7I"/>
            <common:Text>.INF9584321010942C2</common:Text>
          </common:SpecialServiceRequest>
          <common:SpecialServiceRequest FlightRefNumberRPHList="1" SSRCode="ASVC" ServiceQuantity="1" Status="HI" TravelerRefNumberRPHList="1">
            <common:Airline Code="7I"/>
            <common:Text>.C/0CD//CHECKED BAG SECOND/A/9584550015059C1</common:Text>
          </common:SpecialServiceRequest>
        </common:SpecialServiceRequests>
        <common:OtherServiceInformations>
          <common:OtherServiceInformation RPH="1">
            <common:TravelerRefNumber RPH="1"/>
            <common:Airline Code="YY"/>
            <common:Text>1INF LANTON/JOHAN</common:Text>
          </common:OtherServiceInformation>
        </common:OtherServiceInformations>
      </common:SpecialReqDetails>
    </common:TravelerInfo>
    <common:Ticketing TicketType="eTicket" TicketingStatus="3" TravelerRefNumber="1">
      <common:TicketAdvisory>*T</common:TicketAdvisory>
    </common:Ticketing>
  </AirReservation>
</OTA_AirBookRS>
