<?xml version="1.0" encoding="UTF-8" standalone="yes"?>
<SOAP-ENV:Envelope xmlns:SOAP-ENV="http://schemas.xmlsoap.org/soap/envelope/">
    <Header xmlns="http://schemas.xmlsoap.org/soap/envelope/">
        <Conversation xmlns="http://sita.aero/hal" id="conv-16q-1536672347105-199" server="10.217.26.217" timestamp="2018-09-11 13:25:47"/>
    </Header>
    <SOAP-ENV:Body>
        <ARR_RepriceItineraryResponse xmlns="http://tempuri.org/" xmlns:s="http://schemas.xmlsoap.org/soap/envelope/">
            <ReturnData xmlns:a="http://schemas.datacontract.org/2004/07/Sita.Services.ARR" xmlns:i="http://www.w3.org/2001/XMLSchema-instance">
                <a:errorsField xmlns:b="http://schemas.datacontract.org/2004/07/Sita.Services.HalService" i:nil="true"/>
                <a:pricedItineraryField>
                    <a:flightInfoDetailsField xmlns:b="http://schemas.datacontract.org/2004/07/Sita.Services.HalService">
                        <b:FlightSegmentBaseType>
                            <b:arrivalAirportField>
                                <b:gateField i:nil="true"/>
                                <b:locationCodeField>CUR</b:locationCodeField>
                                <b:terminalField i:nil="true"/>
                            </b:arrivalAirportField>
                            <b:arrivalDateField>
                                <b:dateChangeDecrementIndField i:nil="true"/>
                                <b:dateChangeIncrementIndField i:nil="true"/>
                                <b:dateChangeNbrField i:nil="true"/>
                                <b:textField xmlns:c="http://schemas.microsoft.com/2003/10/Serialization/Arrays">
                                    <c:string>2018-12-20</c:string>
                                </b:textField>
                            </b:arrivalDateField>
                            <b:arrivalTimeField>
                                <b:actualField i:nil="true"/>
                                <b:estimatedField i:nil="true"/>
                                <b:nextAdvisoryTimeField i:nil="true"/>
                                <b:reasonCodeField i:nil="true"/>
                                <b:scheduledField>12:00:00</b:scheduledField>
                            </b:arrivalTimeField>
                            <b:departureAirportField>
                                <b:gateField i:nil="true"/>
                                <b:locationCodeField>AUA</b:locationCodeField>
                                <b:terminalField i:nil="true"/>
                            </b:departureAirportField>
                            <b:departureDateField>
                                <b:dateChangeDecrementIndField i:nil="true"/>
                                <b:dateChangeIncrementIndField i:nil="true"/>
                                <b:dateChangeNbrField i:nil="true"/>
                                <b:textField xmlns:c="http://schemas.microsoft.com/2003/10/Serialization/Arrays">
                                    <c:string>2018-12-20</c:string>
                                </b:textField>
                            </b:departureDateField>
                            <b:departureTimeField>
                                <b:actualField i:nil="true"/>
                                <b:estimatedField i:nil="true"/>
                                <b:nextAdvisoryTimeField i:nil="true"/>
                                <b:reasonCodeField i:nil="true"/>
                                <b:scheduledField>08:00:00</b:scheduledField>
                                <b:boardingField i:nil="true"/>
                                <b:julianDateOfDepartureField i:nil="true"/>
                            </b:departureTimeField>
                            <b:equipmentField i:nil="true"/>
                            <b:marketingAirlinesField>
                                <b:OperatingAirlineType>
                                    <b:airAllianceNameField i:nil="true"/>
                                    <b:codeField>7I</b:codeField>
                                    <b:companyShortNameField i:nil="true"/>
                                    <b:flightNumberField>795</b:flightNumberField>
                                    <b:resBookDesigCodeField>Y</b:resBookDesigCodeField>
                                </b:OperatingAirlineType>
                            </b:marketingAirlinesField>
                            <b:operatingAirlineField i:nil="true"/>
                            <b:rPHField>1</b:rPHField>
                            <b:stopQuantityField>0</b:stopQuantityField>
                        </b:FlightSegmentBaseType>
                    </a:flightInfoDetailsField>
                    <a:pTC_FareBreakdownsField xmlns:b="http://schemas.datacontract.org/2004/07/Sita.Services.SWF">
                        <b:SWF_PTC_FareBreakdownType>
                            <b:endorsementsField xmlns:c="http://schemas.datacontract.org/2004/07/Sita.Services.HalService" i:nil="true"/>
                            <b:fareBasisCodesField>
                                <b:SWF_PTC_FareBreakdownTypeFareBasisCode>
                                    <flightRPHField xmlns="http://schemas.datacontract.org/2004/07/Sita.Services.HalService">1</flightRPHField>
                                    <notValidAfterField xmlns="http://schemas.datacontract.org/2004/07/Sita.Services.HalService" i:nil="true"/>
                                    <notValidBeforeField xmlns="http://schemas.datacontract.org/2004/07/Sita.Services.HalService" i:nil="true"/>
                                    <b:textField xmlns:c="http://schemas.microsoft.com/2003/10/Serialization/Arrays">
                                        <c:string>YOW</c:string>
                                    </b:textField>
                                </b:SWF_PTC_FareBreakdownTypeFareBasisCode>
                            </b:fareBasisCodesField>
                            <b:passengerFareField>
                                <b:baseFareField>
                                    <b:amountField>264</b:amountField>
                                    <b:currencyCodeField>AWG</b:currencyCodeField>
                                    <b:fareAmountTypeField i:nil="true"/>
                                    <b:exchangeRateField i:nil="true"/>
                                    <b:fromCurrencyField i:nil="true"/>
                                    <b:toCurrencyField i:nil="true"/>
                                </b:baseFareField>
                                <b:equivFareField>
                                    <b:amountField>147.00</b:amountField>
                                    <b:currencyCodeField>USD</b:currencyCodeField>
                                    <b:fareAmountTypeField i:nil="true"/>
                                </b:equivFareField>
                                <b:taxesField xmlns:c="http://schemas.datacontract.org/2004/07/Sita.Services.HalService">
                                    <c:amountField i:nil="true"/>
                                    <c:taxField>
                                        <c:TaxType>
                                            <c:amountField>34.25</c:amountField>
                                            <c:currencyCodeField>USD</c:currencyCodeField>
                                            <c:decimalPlacesField i:nil="true"/>
                                            <c:paidIndicatorField i:nil="true"/>
                                            <c:taxBreakdownsField i:nil="true"/>
                                            <c:taxCodeField>AW</c:taxCodeField>
                                            <c:taxCountryField i:nil="true"/>
                                            <c:taxTransactionTypeField>001</c:taxTransactionTypeField>
                                        </c:TaxType>
                                    </c:taxField>
                                </b:taxesField>
                                <b:totalFareField>
                                    <b:amountField>181.25</b:amountField>
                                    <b:currencyCodeField>USD</b:currencyCodeField>
                                    <b:fareAmountTypeField i:nil="true"/>
                                </b:totalFareField>
                                <b:unstructuredFareCalcField>
                                    <fareCalcModeField xmlns="http://schemas.datacontract.org/2004/07/Sita.Services.HalService" i:nil="true"/>
                                    <b:textField xmlns:c="http://schemas.microsoft.com/2003/10/Serialization/Arrays">
                                        <c:string>aua 7i cur146.66yow nuc146.66end roe1.800000</c:string>
                                    </b:textField>
                                </b:unstructuredFareCalcField>
                            </b:passengerFareField>
                            <b:ticketDesignatorsField i:nil="true"/>
                        </b:SWF_PTC_FareBreakdownType>
                    </a:pTC_FareBreakdownsField>
                </a:pricedItineraryField>
                <a:repriceFareInfoField>
                    <a:cat35SellingReissueInfoField i:nil="true"/>
                    <a:endorsementsField>
                        <a:EndorsementsTypeEndorsement>
                            <a:messageNumberField i:nil="true"/>
                            <a:valueField>nonref/nonend</a:valueField>
                        </a:EndorsementsTypeEndorsement>
                        <a:EndorsementsTypeEndorsement>
                            <a:messageNumberField i:nil="true"/>
                            <a:valueField>valid only 7i</a:valueField>
                        </a:EndorsementsTypeEndorsement>
                    </a:endorsementsField>
                    <a:fareField>
                        <a:originalFareAddCollectField>0.00</a:originalFareAddCollectField>
                        <a:originalFareResidualIgnoredField i:nil="true"/>
                        <a:reissueConversionRateField>0.55555556</a:reissueConversionRateField>
                        <a:reissueCurrencyCodeField>USD</a:reissueCurrencyCodeField>
                        <a:reissueDecimalPlacesField>2</a:reissueDecimalPlacesField>
                        <a:reissueFareAddCollectField>0.00</a:reissueFareAddCollectField>
                        <a:reissueFareRefundField>0.00</a:reissueFareRefundField>
                        <a:reissueItineraryChangeChargeField>0.00</a:reissueItineraryChangeChargeField>
                        <a:reissueSurchargeAmountField>0.00</a:reissueSurchargeAmountField>
                        <a:reissueTotalAddCollectField>0.00</a:reissueTotalAddCollectField>
                        <a:reissueTotalRefundField>0.00</a:reissueTotalRefundField>
                    </a:fareField>
                    <a:formOfRefundField i:nil="true"/>
                    <a:reissueRevalidationIndField>A</a:reissueRevalidationIndField>
                    <a:residualIgnoredField>N</a:residualIgnoredField>
                    <a:taxesField xmlns:b="http://schemas.datacontract.org/2004/07/Sita.Services.HalService">
                        <b:amountField i:nil="true"/>
                        <b:taxField>
                            <b:TaxType>
                                <b:amountField>34.25</b:amountField>
                                <b:currencyCodeField>USD</b:currencyCodeField>
                                <b:decimalPlacesField>2</b:decimalPlacesField>
                                <b:paidIndicatorField>P</b:paidIndicatorField>
                                <b:taxBreakdownsField i:nil="true"/>
                                <b:taxCodeField>AW</b:taxCodeField>
                                <b:taxCountryField i:nil="true"/>
                                <b:taxTransactionTypeField i:nil="true"/>
                            </b:TaxType>
                        </b:taxField>
                    </a:taxesField>
                    <a:tourCodeField i:nil="true"/>
                    <a:waiverField>N</a:waiverField>
                </a:repriceFareInfoField>
                <a:responseStatusField>1</a:responseStatusField>
                <a:ticketedFareInfoField>
                    <a:pTC_FareBreakdownsField xmlns:b="http://schemas.datacontract.org/2004/07/Sita.Services.SWF">
                        <b:SWF_PTC_FareBreakdownType>
                            <b:endorsementsField xmlns:c="http://schemas.datacontract.org/2004/07/Sita.Services.HalService" i:nil="true"/>
                            <b:fareBasisCodesField>
                                <b:SWF_PTC_FareBreakdownTypeFareBasisCode>
                                    <flightRPHField xmlns="http://schemas.datacontract.org/2004/07/Sita.Services.HalService">1</flightRPHField>
                                    <notValidAfterField xmlns="http://schemas.datacontract.org/2004/07/Sita.Services.HalService" i:nil="true"/>
                                    <notValidBeforeField xmlns="http://schemas.datacontract.org/2004/07/Sita.Services.HalService" i:nil="true"/>
                                    <b:textField xmlns:c="http://schemas.microsoft.com/2003/10/Serialization/Arrays">
                                        <c:string>YOW</c:string>
                                    </b:textField>
                                </b:SWF_PTC_FareBreakdownTypeFareBasisCode>
                            </b:fareBasisCodesField>
                            <b:passengerFareField>
                                <b:baseFareField>
                                    <b:amountField>264</b:amountField>
                                    <b:currencyCodeField>AWG</b:currencyCodeField>
                                    <b:fareAmountTypeField i:nil="true"/>
                                    <b:exchangeRateField i:nil="true"/>
                                    <b:fromCurrencyField i:nil="true"/>
                                    <b:toCurrencyField i:nil="true"/>
                                </b:baseFareField>
                                <b:equivFareField>
                                    <b:amountField>147.00</b:amountField>
                                    <b:currencyCodeField>USD</b:currencyCodeField>
                                    <b:fareAmountTypeField i:nil="true"/>
                                </b:equivFareField>
                                <b:taxesField xmlns:c="http://schemas.datacontract.org/2004/07/Sita.Services.HalService">
                                    <c:amountField>34.25</c:amountField>
                                    <c:taxField>
                                        <c:TaxType>
                                            <c:amountField>34.25</c:amountField>
                                            <c:currencyCodeField>USD</c:currencyCodeField>
                                            <c:decimalPlacesField i:nil="true"/>
                                            <c:paidIndicatorField i:nil="true"/>
                                            <c:taxBreakdownsField i:nil="true"/>
                                            <c:taxCodeField>AW</c:taxCodeField>
                                            <c:taxCountryField i:nil="true"/>
                                            <c:taxTransactionTypeField i:nil="true"/>
                                        </c:TaxType>
                                    </c:taxField>
                                </b:taxesField>
                                <b:totalFareField>
                                    <b:amountField>181.25</b:amountField>
                                    <b:currencyCodeField>USD</b:currencyCodeField>
                                    <b:fareAmountTypeField i:nil="true"/>
                                </b:totalFareField>
                                <b:unstructuredFareCalcField i:nil="true"/>
                            </b:passengerFareField>
                            <b:ticketDesignatorsField i:nil="true"/>
                        </b:SWF_PTC_FareBreakdownType>
                    </a:pTC_FareBreakdownsField>
                </a:ticketedFareInfoField>
                <a:warningsField xmlns:b="http://schemas.datacontract.org/2004/07/Sita.Services.HalService">
                    <b:WarningType>
                        <b:codeField i:nil="true"/>
                        <b:rPHField i:nil="true"/>
                        <b:shortTextField i:nil="true"/>
                        <b:statusField i:nil="true"/>
                        <b:textField xmlns:c="http://schemas.microsoft.com/2003/10/Serialization/Arrays">
                            <c:string>02123 - ONLY ALLOWS REISSUE</c:string>
                        </b:textField>
                        <b:typeField>448</b:typeField>
                    </b:WarningType>
                </a:warningsField>
            </ReturnData>
        </ARR_RepriceItineraryResponse>
    </SOAP-ENV:Body>
</SOAP-ENV:Envelope>
