<?xml version="1.0" encoding="UTF-8" standalone="yes"?>
<SOAP-ENV:Envelope xmlns:SOAP-ENV="http://schemas.xmlsoap.org/soap/envelope/">
    <Header xmlns="http://schemas.xmlsoap.org/soap/envelope/">
        <Conversation xmlns="http://sita.aero/hal" id="conv-15q-1536672609961-236" server="10.217.26.216" timestamp="2018-09-11 13:30:09"/>
    </Header>
    <SOAP-ENV:Body>
        <ARR_ExecuteRepriceResponse xmlns="http://tempuri.org/" xmlns:s="http://schemas.xmlsoap.org/soap/envelope/">
            <ReturnData xmlns:a="http://schemas.datacontract.org/2004/07/Sita.Services.ARR" xmlns:i="http://www.w3.org/2001/XMLSchema-instance">
                <a:errorsField xmlns:b="http://schemas.datacontract.org/2004/07/Sita.Services.HalService">
                    <b:ErrorType>
                        <b:codeField>1000</b:codeField>
                        <b:sourceField>HOST</b:sourceField>
                        <b:typeField>1</b:typeField>
                        <b:valueField>TKT163 CC FOP ALPHA/NUM</b:valueField>
                    </b:ErrorType>
                    <b:ErrorType>
                        <b:codeField>5022</b:codeField>
                        <b:sourceField/>
                        <b:typeField>1</b:typeField>
                        <b:valueField>
                Execute Reprice in progress -- Please complete Execute Reprice or Ignore Booking Modifications. If booking modifications are ignored, the reprice process cannot be continued for this booking</b:valueField>
                    </b:ErrorType>
                </a:errorsField>
                <a:responseStatusField>2</a:responseStatusField>
                <a:ticketItemInfoField xmlns:b="http://schemas.datacontract.org/2004/07/Sita.Services.HalService" i:nil="true"/>
                <a:warningsField xmlns:b="http://schemas.datacontract.org/2004/07/Sita.Services.HalService" i:nil="true"/>
            </ReturnData>
        </ARR_ExecuteRepriceResponse>
    </SOAP-ENV:Body>
</SOAP-ENV:Envelope>
